Title	Start pressed	Assets/Audio/Generated/HellScape/Title/start_pressed.wav
Prologue	Heartbeat	Assets/Audio/Generated/HellScape/Prologue/heartbeat.wav
Prologue	Sting (body, spotted)	Assets/Audio/Generated/HellScape/Prologue/sting.wav
Prologue	Stabbing on the tape	Assets/Audio/Generated/HellScape/Prologue/tape_stabs.wav
Prologue	Street ambience	Assets/Audio/Generated/HellScape/Prologue/street_morning.wav
Prologue	TV murmur	Assets/Audio/Generated/HellScape/Prologue/tv_murmur.wav
Prologue	Wind (roof and fall)	Assets/Audio/Generated/HellScape/Prologue/wind.wav
Prologue	Whisper (the fall)	Assets/Audio/Generated/HellScape/Prologue/fall_whisper.wav
Prologue	Push	Assets/Audio/Generated/HellScape/Prologue/push.wav
Prologue	Impact (hitting the street)	Assets/Audio/Generated/HellScape/Prologue/impact.wav
Prologue	Door creak	Assets/Audio/Generated/HellScape/Prologue/door_creak_1.wav
Prologue	Door creak	Assets/Audio/Generated/HellScape/Prologue/door_creak_2.wav
Prologue	Door creak	Assets/Audio/Generated/HellScape/Prologue/door_creak_3.wav
Prologue	Door flung open	Assets/Audio/Generated/HellScape/Prologue/door_bang.wav
Prologue	Killer footsteps	Assets/Audio/Generated/HellScape/Prologue/killer_step_1.wav
Prologue	Killer footsteps	Assets/Audio/Generated/HellScape/Prologue/killer_step_2.wav
Prologue	Killer footsteps	Assets/Audio/Generated/HellScape/Prologue/killer_step_3.wav
Prologue	Killer footsteps	Assets/Audio/Generated/HellScape/Prologue/killer_step_4.wav
Prologue	Killer footsteps	Assets/Audio/Generated/HellScape/Prologue/killer_step_5.wav
Prologue	Killer footsteps	Assets/Audio/Generated/HellScape/Prologue/killer_step_6.wav
Prologue	Killer footsteps	Assets/Audio/Generated/HellScape/Prologue/killer_step_7.wav
Hell City	Wake heartbeat	Assets/Audio/Generated/HellScape/Hell City/wake_heartbeat.wav
Hell City	Hell ambience	Assets/Audio/Generated/HellScape/Hell City/hell_ambience.wav
Hell City	Zombie moans	Assets/Audio/Generated/HellScape/Hell City/moan_1.wav
Hell City	Zombie moans	Assets/Audio/Generated/HellScape/Hell City/moan_2.wav
Hell City	Zombie moans	Assets/Audio/Generated/HellScape/Hell City/moan_3.wav
Hell City	Zombie moans	Assets/Audio/Generated/HellScape/Hell City/moan_4.wav
Hell City	Zombie moans	Assets/Audio/Generated/HellScape/Hell City/moan_5.wav
Hell City	Zombie scream	Assets/Audio/Generated/HellScape/Hell City/scream_1.wav
Hell City	Zombie scream	Assets/Audio/Generated/HellScape/Hell City/scream_2.wav
Hell City	Zombie scream	Assets/Audio/Generated/HellScape/Hell City/scream_3.wav
Hell City	Punch hits	Assets/Audio/Generated/HellScape/Hell City/punch_1.wav
Hell City	Punch hits	Assets/Audio/Generated/HellScape/Hell City/punch_2.wav
Hell City	Punch hits	Assets/Audio/Generated/HellScape/Hell City/punch_3.wav
Hell City	Car hits a zombie	Assets/Audio/Generated/HellScape/Hell City/car_hit_1.wav
Hell City	Car hits a zombie	Assets/Audio/Generated/HellScape/Hell City/car_hit_2.wav
Hell City	Car hits a zombie	Assets/Audio/Generated/HellScape/Hell City/car_hit_3.wav
Hell City	Car engine	Assets/Audio/Generated/HellScape/Hell City/car_engine.wav
Hell City	Tire screech	Assets/Audio/Generated/HellScape/Hell City/tire_screech.wav
Office	Ghost whispers	Assets/Audio/Generated/HellScape/Office/ghost_whispers.wav
Office	Fuse clunk	Assets/Audio/Generated/HellScape/Office/fuse_clunk.wav
Office	Kessler door latch	Assets/Audio/Generated/HellScape/Office/kessler_latch.wav
Office	Kessler door creak	Assets/Audio/Generated/HellScape/Office/kessler_creak.wav
Office	Kessler turning (whisper)	Assets/Audio/Generated/HellScape/Office/kessler_turning.wav
Office	Kessler becomes the damned	Assets/Audio/Generated/HellScape/Office/kessler_turns.wav
Office	Kessler lunges	Assets/Audio/Generated/HellScape/Office/kessler_lunge.wav
Silo Complex	Killer sting	Assets/Audio/Generated/HellScape/Silo Complex/killer_sting.wav
Silo Complex	Lift doors slam on him	Assets/Audio/Generated/HellScape/Silo Complex/lift_slam.wav
Silo Complex	Lift doors	Assets/Audio/Generated/HellScape/Silo Complex/lift_doors.wav
Silo Complex	Lift ride rumble	Assets/Audio/Generated/HellScape/Silo Complex/lift_rumble.wav
Silo Complex	Ladder rung	Assets/Audio/Generated/HellScape/Silo Complex/ladder_rung_1.wav
Silo Complex	Ladder rung	Assets/Audio/Generated/HellScape/Silo Complex/ladder_rung_2.wav
Silo Complex	Ladder rung	Assets/Audio/Generated/HellScape/Silo Complex/ladder_rung_3.wav
Silo Complex	Killer hits you (chase)	Assets/Audio/Generated/HellScape/Silo Complex/chase_hit.wav
Escape	Blood wave roar	Assets/Audio/Generated/HellScape/Escape/blood_wave.wav
Ending	Angel choir	Assets/Audio/Generated/HellScape/Ending/angel_choir.wav
Ending	Demon rises	Assets/Audio/Generated/HellScape/Ending/demon_rises.wav
Silo Fight	Push and fall thud	Assets/Audio/Generated/HellScape/Silo Fight/silo_thud.wav
Silo Fight	Killer hurt	Assets/Audio/Generated/HellScape/Silo Fight/killer_hurt_1.wav
Silo Fight	Killer hurt	Assets/Audio/Generated/HellScape/Silo Fight/killer_hurt_2.wav
Silo Fight	Killer hurt	Assets/Audio/Generated/HellScape/Silo Fight/killer_hurt_3.wav
Silo Fight	Rifle shot	Assets/Audio/Generated/HellScape/Silo Fight/rifle_shot.wav
Silo Fight	Rifle reload	Assets/Audio/Generated/HellScape/Silo Fight/rifle_reload.wav
Silo Fight	Blood flood rumble	Assets/Audio/Generated/HellScape/Silo Fight/blood_flood.wav
Silo Fight	Swim stroke	Assets/Audio/Generated/HellScape/Silo Fight/swim_stroke_1.wav
Silo Fight	Swim stroke	Assets/Audio/Generated/HellScape/Silo Fight/swim_stroke_2.wav
Silo Fight	Swim stroke	Assets/Audio/Generated/HellScape/Silo Fight/swim_stroke_3.wav
Silo Fight	Swim stroke	Assets/Audio/Generated/HellScape/Silo Fight/swim_stroke_4.wav
Silo Fight	Drowning	Assets/Audio/Generated/HellScape/Silo Fight/drowning.wav
Silo Fight	Colleague turns into the Lost	Assets/Audio/Generated/HellScape/Silo Fight/turns_lost.wav
Silo Fight	Colleague turns into the Damned	Assets/Audio/Generated/HellScape/Silo Fight/turns_damned.wav
Silo Fight	Survivor drowning	Assets/Audio/Generated/HellScape/Silo Fight/maya_drowning.wav
Silo Fight	Survivor drowning	Assets/Audio/Generated/HellScape/Silo Fight/sam_drowning.wav
General	Dialogue blip	Assets/Audio/Generated/HellScape/General/mumble_1.wav
General	Dialogue blip	Assets/Audio/Generated/HellScape/General/mumble_2.wav
General	Dialogue blip	Assets/Audio/Generated/HellScape/General/mumble_3.wav
General	Dialogue blip	Assets/Audio/Generated/HellScape/General/mumble_4.wav
General	Dialogue blip	Assets/Audio/Generated/HellScape/General/mumble_5.wav
General	Dialogue blip	Assets/Audio/Generated/HellScape/General/mumble_6.wav
General	Player footsteps	Assets/Audio/Generated/HellScape/General/step_1.wav
General	Player footsteps	Assets/Audio/Generated/HellScape/General/step_2.wav
General	Player footsteps	Assets/Audio/Generated/HellScape/General/step_3.wav
General	Player footsteps	Assets/Audio/Generated/HellScape/General/step_4.wav
General	Player footsteps	Assets/Audio/Generated/HellScape/General/step_5.wav
General	Player footsteps	Assets/Audio/Generated/HellScape/General/step_6.wav
General	Player footsteps	Assets/Audio/Generated/HellScape/General/step_7.wav
General	Door transition latch	Assets/Audio/Generated/HellScape/General/door_latch.wav
General	Door transition creak	Assets/Audio/Generated/HellScape/General/door_creak_long.wav
General	Door transition step	Assets/Audio/Generated/HellScape/General/door_step.wav